customer_id,transaction_id,transaction_date,amount,location,product_category
C0164,b6c6e7ea,2025-02-05,645.52,Mumbai,Fashion
C0058,3e48c8f1,2024-10-28,783.74,Pune,Books
C0023,6f2ca109,2025-02-25,2993.41,Pune,Electronics
C0024,cfe2f03c,2025-05-08,1171.33,Hyderabad,Books
C0007,27e6a3ab,2025-06-15,2850.1,Hyderabad,Home
C0057,cf85b0fa,2025-02-27,2301.12,Mumbai,Electronics
C0195,9738be32,2025-01-16,4048.51,Bangalore,Groceries
C0072,96f69ffd,2025-03-16,861.85,Mumbai,Electronics
C0024,f258defe,2025-02-12,1961.64,Mumbai,Groceries
C0155,e66c8cee,2024-08-07,1396.15,Pune,Home
C0138,35b37f44,2024-08-11,711.65,Bangalore,Electronics
C0142,af73d6ec,2024-08-31,1536.57,Hyderabad,Groceries
C0148,f3451352,2024-09-09,1042.21,Pune,Electronics
C0170,a71b454b,2024-12-10,1216.7,Mumbai,Electronics
C0060,42121018,2025-04-12,4345.77,Bangalore,Groceries
C0117,7cdc176a,2025-04-09,3214.85,Mumbai,Fashion
C0095,a15d32ff,2025-04-20,1840.83,Mumbai,Electronics
C0156,c5ab8eb5,2025-05-26,3211.39,Hyderabad,Fashion
C0042,49cfb307,2024-11-18,2365.08,Mumbai,Books
C0057,cbef5a39,2024-09-01,3454.61,Pune,Fashion
C0009,f3c00440,2025-04-26,4044.72,Bangalore,Groceries
C0017,fc8a88a7,2024-07-13,1133.82,Hyderabad,Groceries
C0055,7091d654,2024-09-08,3311.65,Bangalore,Home
C0037,9920a6ea,2024-10-19,1397.91,Delhi,Books
C0138,d564303f,2024-08-08,1387.43,Hyderabad,Home
C0150,e8f0845c,2025-02-14,2057.06,Delhi,Fashion
C0131,b448c252,2025-02-26,2518.23,Pune,Electronics
C0040,06cb3b6d,2025-03-11,3174.49,Bangalore,Books
C0017,96859720,2025-03-22,1985.36,Hyderabad,Home
C0136,664f1b59,2025-02-20,1331.93,Hyderabad,Electronics
C0175,182be724,2024-09-10,3631.54,Hyderabad,Groceries
C0197,92d5f169,2025-03-02,3240.71,Pune,Groceries
C0112,2f67d48c,2024-11-11,874.97,Pune,Groceries
C0129,c8a8f70b,2024-12-22,3833.61,Hyderabad,Electronics
C0161,d8a0ba2f,2025-03-29,1562.38,Hyderabad,Books
C0051,7f6355da,2024-10-26,848.91,Delhi,Books
C0200,dc16cc51,2025-06-12,4619.93,Pune,Books
C0083,1a00c394,2024-09-26,2494.17,Pune,Groceries
C0079,25b73329,2024-08-22,1273.32,Delhi,Books
C0021,24264db8,2025-05-26,519.7,Bangalore,Electronics
C0195,3f566901,2025-02-21,2710.26,Delhi,Fashion
C0169,595bba34,2025-02-02,2428.88,Hyderabad,Fashion
C0068,57e29f19,2024-12-02,2685.6,Hyderabad,Home
C0055,c983b0a8,2024-08-21,4651.68,Delhi,Groceries
C0103,f9f79d77,2024-09-05,4976.23,Mumbai,Home
C0133,246c74e7,2025-01-01,2312.28,Delhi,Fashion
C0017,9bc3e157,2025-02-09,1756.62,Hyderabad,Books
C0059,b93670e1,2024-12-12,2983.36,Pune,Electronics
C0182,c26cecb5,2025-06-07,3192.4,Delhi,Electronics
C0009,8b3433eb,2025-01-12,4312.21,Pune,Books
C0061,00762263,2024-12-19,1464.54,Bangalore,Fashion
C0139,ba6485be,2025-05-30,748.33,Hyderabad,Books
C0122,5a9caf21,2024-11-03,1290.69,Bangalore,Home
C0049,c1de3aac,2024-10-26,562.2,Bangalore,Groceries
C0109,cfe51d7c,2025-01-01,2114.4,Pune,Electronics
C0016,669cc101,2024-07-03,2072.84,Mumbai,Electronics
C0064,606056c8,2025-01-07,1038.79,Hyderabad,Home
C0036,ab9a0f6d,2025-05-24,2167.22,Mumbai,Home
C0064,0773a364,2024-09-03,4384.98,Pune,Home
C0141,7e0c2099,2024-10-19,579.75,Hyderabad,Electronics
C0024,606471e8,2024-07-22,4639.2,Delhi,Fashion
C0105,27821ee4,2024-12-28,2479.64,Delhi,Home
C0016,7ddfe717,2024-07-09,906.72,Pune,Home
C0068,6e18187b,2024-12-14,4639.94,Bangalore,Groceries
C0109,920d44ba,2025-06-11,3513.3,Hyderabad,Home
C0040,0b8f5847,2024-09-07,1030.5,Delhi,Electronics
C0149,b2afa417,2025-02-27,3705.11,Pune,Groceries
C0015,a7ec2ddd,2024-07-23,345.7,Bangalore,Books
C0136,69e19074,2024-08-23,871.42,Hyderabad,Electronics
C0048,4bdd2959,2025-01-20,435.75,Pune,Fashion
C0104,41813908,2024-10-11,687.44,Hyderabad,Fashion
C0149,0a44b8cf,2024-07-16,3013.14,Hyderabad,Electronics
C0108,c9a27119,2025-03-02,3321.13,Hyderabad,Books
C0081,5475f0e2,2024-08-15,4680.06,Delhi,Groceries
C0062,b80aff1a,2025-01-03,1401.51,Delhi,Groceries
C0118,8c8dc7e7,2024-09-17,1649.27,Pune,Electronics
C0118,0dc6b619,2025-03-30,3143.68,Hyderabad,Electronics
C0019,40f7a9ff,2025-05-19,2734.41,Hyderabad,Groceries
C0034,e366e898,2024-09-20,4672.97,Pune,Fashion
C0095,0f7958e1,2025-01-27,1496.44,Bangalore,Books
C0181,9223ae3c,2024-11-07,1582.33,Hyderabad,Electronics
C0171,46d411e6,2025-01-21,4103.81,Mumbai,Electronics
C0035,a14f87c2,2025-06-15,1395.88,Pune,Books
C0040,54de9916,2025-02-01,1434.51,Hyderabad,Fashion
C0184,71fae64e,2024-10-28,1780.11,Mumbai,Books
C0126,14f82d28,2025-03-28,1330.49,Pune,Electronics
C0163,968ee0b0,2025-02-24,2175.52,Mumbai,Electronics
C0001,3ab8722b,2025-01-18,1734.43,Delhi,Groceries
C0042,7941289f,2025-05-07,3732.03,Hyderabad,Home
C0144,dd80a27d,2025-05-08,147.38,Pune,Fashion
C0140,6cd6d57f,2024-09-16,276.54,Mumbai,Books
C0142,edce6a5a,2024-09-05,825.66,Delhi,Electronics
C0079,f735d2a3,2024-07-21,1886.79,Pune,Groceries
C0054,ef12787d,2024-07-25,3442.13,Pune,Groceries
C0200,4f3caac0,2025-01-31,2843.43,Bangalore,Books
C0192,0e0382ff,2024-12-27,857.31,Delhi,Fashion
C0046,3a51b64d,2024-06-25,4418.94,Pune,Fashion
C0189,89f376bc,2024-12-01,4629.99,Bangalore,Fashion
C0069,99c648a5,2024-11-18,880.07,Pune,Home
C0010,8a9d5e8d,2025-04-04,4307.11,Delhi,Fashion
C0118,a958adde,2025-05-04,1813.33,Delhi,Fashion
C0007,822a5109,2024-07-31,3334.16,Bangalore,Groceries
C0072,e2125e1a,2025-04-01,4335.33,Mumbai,Groceries
C0165,127cdd1d,2024-10-08,2596.09,Hyderabad,Groceries
C0008,f311db55,2024-10-01,665.17,Mumbai,Fashion
C0149,fc35e393,2025-06-01,4816.42,Mumbai,Electronics
C0028,23f55557,2024-08-14,3023.2,Mumbai,Groceries
C0112,0bf3492f,2025-04-12,3070.42,Hyderabad,Electronics
C0099,62987c2f,2025-06-11,4507.57,Delhi,Groceries
C0012,a5a23652,2025-02-21,3573.05,Pune,Books
C0138,3dc872dc,2024-06-27,3465.6,Delhi,Groceries
C0111,c923db84,2024-12-10,442.87,Mumbai,Books
C0081,21f045be,2024-10-02,3350.6,Pune,Groceries
C0130,d297b2f3,2024-07-27,1615.49,Bangalore,Groceries
C0104,530f058d,2025-04-30,3516.32,Hyderabad,Fashion
C0050,c53abb3d,2025-06-06,2160.19,Bangalore,Fashion
C0158,cbe9cc20,2024-08-17,2888.62,Bangalore,Books
C0001,0515867f,2024-07-16,1588.99,Delhi,Home
C0149,a6cfe2a4,2024-11-25,3072.64,Mumbai,Home
C0114,338cac85,2024-08-05,2266.58,Delhi,Books
C0122,2c2a2e56,2024-11-19,3989.3,Delhi,Electronics
C0073,a363f2c7,2024-09-10,2625.71,Hyderabad,Groceries
C0024,45ec4a90,2025-01-31,4110.27,Delhi,Groceries
C0058,7d04d668,2025-03-23,4052.16,Delhi,Electronics
C0012,dcf8eec7,2025-05-08,1299.73,Bangalore,Books
C0197,8add5ff2,2025-03-02,456.86,Bangalore,Books
C0050,62871f24,2024-11-25,3619.89,Bangalore,Home
C0103,b1af2856,2025-04-12,1295.52,Pune,Electronics
C0200,05f691e2,2024-07-26,2183.22,Delhi,Books
C0119,9ec432ec,2024-06-24,346.07,Delhi,Electronics
C0117,9ece0e62,2024-08-26,753.36,Bangalore,Books
C0144,b43c2e15,2025-02-17,3017.72,Bangalore,Books
C0185,6f356e43,2025-03-10,4470.9,Bangalore,Books
C0115,b4c87c31,2024-08-26,4496.32,Bangalore,Home
C0067,e4cbc210,2025-02-14,3783.71,Mumbai,Books
C0125,f37ef36e,2025-04-06,3171.07,Mumbai,Home
C0020,04eb1404,2025-02-26,3596.37,Delhi,Groceries
C0086,6e685fdc,2024-11-18,1666.58,Hyderabad,Electronics
C0036,e731bc16,2025-05-31,839.07,Bangalore,Fashion
C0181,edf836ec,2024-06-30,1148.37,Bangalore,Home
C0085,17ae7164,2024-09-13,2758.79,Bangalore,Electronics
C0053,6a200822,2024-07-20,4181.17,Bangalore,Books
C0179,27d9a4b9,2024-12-09,195.71,Hyderabad,Home
C0123,56b147d1,2024-10-12,128.89,Mumbai,Groceries
C0193,0f1ddae4,2025-02-17,2010.93,Bangalore,Books
C0192,abc52fad,2024-10-23,3699.71,Hyderabad,Fashion
C0125,8e41a94d,2025-04-24,1175.17,Bangalore,Home
C0008,1462257a,2024-12-11,2005.4,Bangalore,Fashion
C0120,aad067f6,2024-08-15,4605.75,Hyderabad,Books
C0007,65029777,2024-08-17,4543.95,Hyderabad,Books
C0170,8ce7cea2,2024-10-05,232.8,Bangalore,Fashion
C0119,dcc6e70f,2024-11-22,990.47,Mumbai,Home
C0084,cdffa548,2025-02-08,1137.14,Mumbai,Groceries
C0195,1dd9fb15,2024-12-13,4410.24,Mumbai,Home
C0065,d042221a,2024-12-14,4191.06,Bangalore,Electronics
C0192,b83ac241,2024-10-28,2743.15,Mumbai,Fashion
C0167,033b16a3,2025-03-02,436.23,Pune,Electronics
C0064,c37a5f6a,2025-05-08,1076.87,Pune,Books
C0040,acd82ed0,2024-09-29,1268.87,Bangalore,Electronics
C0145,ba4398c9,2025-05-02,4744.01,Bangalore,Groceries
C0197,084e7dc9,2024-10-31,1907.59,Hyderabad,Books
C0192,1418af2e,2024-08-25,3619.95,Delhi,Groceries
C0028,4a329398,2025-04-22,2935.56,Mumbai,Books
C0174,3384470c,2024-06-29,4549.33,Bangalore,Home
C0184,4831ecf8,2024-10-07,1071.82,Hyderabad,Fashion
C0027,8f964ed9,2025-03-23,3516.25,Mumbai,Books
C0031,76d667ce,2024-08-09,4001.51,Hyderabad,Electronics
C0089,73960a99,2025-01-13,2710.45,Mumbai,Electronics
C0130,45b74bbb,2025-04-23,3272.96,Pune,Home
C0126,290c9671,2025-05-09,617.14,Mumbai,Home
C0182,c169e58b,2024-12-10,849.66,Delhi,Books
C0167,030ab636,2025-01-01,1423.4,Hyderabad,Home
C0120,6182beda,2024-11-02,2234.32,Hyderabad,Groceries
C0083,f0b2dae6,2025-01-09,4273.39,Pune,Groceries
C0116,37cfa1e9,2025-06-09,1294.93,Bangalore,Books
C0157,5ccb2a23,2025-02-09,3374.12,Mumbai,Electronics
C0127,681f98fd,2025-06-03,4269.67,Delhi,Home
C0055,dd96f47f,2025-02-04,1838.64,Mumbai,Groceries
C0072,744b9064,2025-04-16,4413.57,Mumbai,Books
C0003,2b54c62b,2024-10-13,2631.47,Delhi,Electronics
C0062,90da9384,2025-01-01,3628.37,Bangalore,Books
C0195,53e0d6f8,2024-12-16,1277.59,Bangalore,Home
C0115,4dfad59c,2025-05-29,3985.37,Pune,Groceries
C0057,1d959548,2024-12-27,2081.57,Delhi,Groceries
C0170,2939dd54,2024-09-26,2949.62,Bangalore,Books
C0136,5764bb28,2024-10-11,1784.41,Hyderabad,Groceries
C0091,16d21d8e,2025-03-16,3543.99,Mumbai,Groceries
C0065,0289f2fd,2025-04-10,1229.64,Delhi,Groceries
C0031,cbf0b92d,2024-10-04,3740.12,Delhi,Fashion
C0056,618f61a1,2025-03-16,3719.16,Mumbai,Books
C0195,7db551cb,2025-01-03,2670.72,Mumbai,Electronics
C0050,24066cb6,2024-07-21,1551.61,Mumbai,Fashion
C0078,bb93ee68,2025-05-09,169.33,Hyderabad,Fashion
C0071,9b74ff8e,2024-09-11,323.03,Pune,Books
C0075,412b2bc0,2024-08-14,3517.35,Delhi,Home
C0027,41bafd45,2025-03-30,4376.33,Hyderabad,Groceries
C0121,f5181824,2024-06-29,2445.7,Mumbai,Fashion
C0014,d710ce4b,2024-10-17,1337.14,Bangalore,Electronics
C0017,d01dc801,2025-01-28,2063.47,Pune,Books
C0162,ba2f08cf,2025-01-19,3463.61,Delhi,Fashion
C0145,816fc3fd,2024-08-09,4750.72,Pune,Fashion
C0031,83813101,2024-12-21,2834.56,Bangalore,Books
C0153,7d515f39,2024-12-10,3974.63,Delhi,Books
C0098,c2098632,2024-11-13,2307.52,Bangalore,Groceries
C0151,42bec47f,2024-09-18,4951.15,Mumbai,Books
C0159,3305f306,2024-10-03,395.13,Pune,Fashion
C0161,023abf67,2024-12-29,1134.02,Pune,Fashion
C0062,d9dfe8e4,2025-05-16,951.69,Pune,Fashion
C0001,34e6589b,2024-12-04,2101.74,Hyderabad,Home
C0075,9ca95fb0,2024-11-28,259.94,Mumbai,Groceries
C0180,87b01bfa,2024-08-12,4312.07,Pune,Fashion
C0068,91394f7b,2024-11-15,3960.36,Hyderabad,Fashion
C0109,de093fa0,2025-05-10,662.4,Delhi,Fashion
C0069,b05cbf3b,2025-05-04,4150.49,Pune,Electronics
C0043,e8717b3a,2025-02-10,3983.88,Hyderabad,Books
C0074,f86a6215,2025-02-07,2251.85,Bangalore,Groceries
C0180,f691ffcf,2025-03-07,2072.29,Mumbai,Books
C0139,0b38a9c9,2025-06-10,2519.6,Pune,Books
C0011,ebc696d2,2024-10-30,4458.17,Mumbai,Books
C0065,c7db66b9,2024-07-21,226.74,Delhi,Books
C0151,584e84cb,2025-05-21,4758.85,Mumbai,Books
C0011,317275cd,2024-09-28,3839.23,Delhi,Home
C0133,c301bc1b,2024-11-20,3292.4,Mumbai,Fashion
C0150,4912076d,2025-06-10,2235.84,Bangalore,Electronics
C0121,e317559f,2025-05-28,1805.01,Mumbai,Groceries
C0172,4cf409ae,2024-11-04,612.54,Delhi,Groceries
C0106,8a8a85ac,2024-08-10,3499.0,Mumbai,Home
C0195,ddc47b68,2025-05-27,2795.47,Bangalore,Electronics
C0081,79004f65,2024-10-19,1336.75,Pune,Home
C0132,cefab343,2025-04-12,4142.14,Pune,Books
C0119,3100d80f,2024-07-12,2124.91,Delhi,Books
C0093,a833a3c7,2024-12-26,3150.91,Bangalore,Home
C0195,88a996c8,2024-09-20,352.9,Mumbai,Books
C0034,70cfbae4,2025-05-05,4645.6,Bangalore,Home
C0032,18805dba,2024-11-06,241.46,Hyderabad,Fashion
C0182,fbe241ca,2024-12-03,876.05,Hyderabad,Electronics
C0142,8f0f119e,2025-04-13,2099.15,Delhi,Electronics
C0119,84b4b6f6,2024-08-04,4740.6,Delhi,Home
C0184,a89dd086,2024-10-24,1530.12,Mumbai,Home
C0124,f25073a2,2024-07-22,4903.2,Delhi,Home
C0142,4b11b2c2,2024-07-31,808.75,Delhi,Books
C0131,4a799053,2024-07-26,3756.83,Delhi,Electronics
C0071,fb0e6f35,2024-10-04,3886.11,Bangalore,Groceries
C0130,e4e36eaf,2025-01-27,1409.15,Pune,Groceries
C0186,550ab7f5,2024-09-28,1562.92,Hyderabad,Books
C0169,644d0187,2025-01-19,2499.24,Delhi,Home
C0138,febfdeaf,2024-09-06,2473.27,Mumbai,Books
C0196,6085173a,2024-09-21,2762.81,Bangalore,Groceries
C0049,d6a9c109,2024-12-07,4905.8,Delhi,Books
C0099,029c2faa,2025-01-12,1244.46,Bangalore,Electronics
C0082,bff0a169,2024-12-31,3749.06,Bangalore,Home
C0170,66e1b2a4,2024-12-01,3982.73,Delhi,Home
C0010,3daf9874,2025-06-09,718.61,Hyderabad,Groceries
C0026,065f58e5,2025-01-23,4383.53,Bangalore,Electronics
C0135,86c1e005,2024-12-24,4561.16,Pune,Fashion
C0105,59850a6c,2025-05-16,4367.57,Delhi,Electronics
C0121,428a9a39,2024-11-03,3929.47,Mumbai,Groceries
C0160,51055f55,2025-03-27,3494.25,Pune,Groceries
C0173,6a69e300,2024-11-05,4310.78,Bangalore,Groceries
C0161,5eb77795,2024-12-02,3621.72,Bangalore,Books
C0010,e7bed0d1,2025-02-15,3125.55,Delhi,Groceries
C0059,b477ad6c,2024-10-29,3759.16,Bangalore,Electronics
C0195,8477158c,2025-01-29,3205.36,Pune,Home
C0043,d4dfe56d,2024-09-30,3500.61,Pune,Electronics
C0084,dcc69d33,2024-12-08,4001.1,Mumbai,Groceries
C0096,0fd5912e,2025-04-13,2210.37,Delhi,Books
C0106,7e804203,2025-04-02,2873.05,Delhi,Fashion
C0045,68ffd89b,2025-02-11,486.94,Bangalore,Books
C0175,c9b29c96,2025-06-10,1280.07,Hyderabad,Fashion
C0060,bf50208b,2024-12-19,2359.63,Mumbai,Home
C0066,c351c2d5,2025-05-22,3367.52,Bangalore,Groceries
C0174,fd60af9e,2024-09-15,2778.33,Pune,Home
C0089,9d43d58e,2025-06-04,4939.49,Mumbai,Home
C0177,45dd58df,2024-07-14,1325.48,Mumbai,Fashion
C0099,8fefc1b0,2025-02-06,4281.34,Pune,Fashion
C0098,8e73ac7b,2024-10-05,2902.42,Hyderabad,Groceries
C0180,ec5221ed,2025-05-01,1546.63,Bangalore,Groceries
C0003,12a62bf7,2024-07-01,2873.05,Pune,Books
C0191,7fc1474e,2024-06-19,2533.96,Mumbai,Fashion
C0156,45aa83df,2025-02-08,4029.47,Delhi,Fashion
C0159,e017ca35,2024-12-25,1328.07,Delhi,Electronics
C0161,cbce2f5c,2024-07-20,3267.07,Mumbai,Home
C0009,27cd777a,2024-06-24,2939.91,Delhi,Electronics
C0076,b6022af8,2024-09-22,1700.92,Bangalore,Fashion
C0052,d86074cf,2024-08-29,747.58,Hyderabad,Groceries
C0136,796649c2,2025-05-09,2558.79,Mumbai,Fashion
C0066,fc459751,2025-03-21,4578.84,Bangalore,Groceries
C0192,4ead997b,2024-08-20,4364.95,Pune,Home
C0020,cd2c0d47,2025-01-18,789.71,Delhi,Home
C0143,480fade2,2025-01-16,1892.3,Bangalore,Electronics
C0068,0d205525,2024-11-04,2729.2,Bangalore,Groceries
C0173,1877a5de,2025-05-19,3770.16,Mumbai,Books
C0098,c4a42cbe,2024-09-26,4129.84,Mumbai,Electronics
C0173,2b8b7e00,2024-08-05,1245.73,Pune,Books
C0144,f1e0c649,2025-02-14,1707.23,Hyderabad,Fashion
C0166,b76ff898,2025-02-20,409.76,Bangalore,Groceries
C0167,c13923b8,2025-03-24,2100.65,Delhi,Electronics
C0010,eb6b504f,2024-10-06,1591.39,Bangalore,Electronics
C0025,92582a88,2025-05-06,1250.52,Hyderabad,Fashion
C0100,5d763385,2025-05-21,2322.85,Hyderabad,Home
C0151,11022463,2024-10-25,3737.12,Delhi,Home
C0168,43f7d2ec,2025-01-21,585.21,Bangalore,Books
C0105,dc2ba78d,2024-10-18,4701.36,Mumbai,Electronics
C0177,c0462789,2024-09-22,1915.6,Bangalore,Home
C0061,d9a9a1f6,2025-05-24,4291.71,Pune,Groceries
C0140,1b0fc80b,2025-03-19,4518.31,Mumbai,Electronics
C0102,a4cd8576,2024-09-16,1451.82,Pune,Home
C0024,fc266c03,2025-06-01,3347.57,Hyderabad,Electronics
C0013,f5068e72,2025-01-24,3955.29,Delhi,Fashion
C0145,c0e723e0,2024-11-08,1105.51,Hyderabad,Fashion
C0151,0fba02fa,2025-04-27,1158.16,Delhi,Groceries
C0199,beed4c64,2024-06-25,823.02,Hyderabad,Electronics
C0071,4c168b53,2025-04-11,4306.19,Delhi,Fashion
C0139,6d352f56,2024-09-13,1328.21,Delhi,Electronics
C0170,5c996c8f,2025-01-05,4345.59,Delhi,Electronics
C0092,effe7af0,2024-12-31,3970.92,Delhi,Books
C0083,e824e2dd,2024-08-30,177.33,Mumbai,Electronics
C0033,e7d781a5,2025-02-08,3734.42,Hyderabad,Electronics
C0191,45b99b8c,2024-08-17,411.43,Bangalore,Groceries
C0132,5f691dbc,2024-12-20,3008.96,Bangalore,Books
C0057,f04b9cd0,2024-07-18,4732.54,Pune,Books
C0078,b5b95e27,2025-02-02,2344.41,Pune,Electronics
C0123,74ea76e8,2025-03-16,4251.76,Bangalore,Electronics
C0126,5e601b49,2025-05-30,3590.77,Bangalore,Electronics
C0021,5d019eb9,2024-09-28,1678.35,Delhi,Electronics
C0033,b1d6133a,2024-10-12,1447.58,Hyderabad,Books
C0183,a4cec8b6,2024-09-11,1693.41,Hyderabad,Books
C0076,656a3beb,2025-04-25,2323.21,Hyderabad,Home
C0026,4ca5f177,2024-07-15,3986.17,Pune,Books
C0185,3a9e807d,2025-04-28,4340.91,Bangalore,Home
C0059,9bf176e7,2025-04-21,2127.69,Bangalore,Home
C0107,d2f8bcd6,2025-04-08,3675.1,Mumbai,Home
C0081,7aa03a7d,2025-05-25,3359.03,Mumbai,Fashion
C0176,f4cbc2aa,2025-04-29,4622.63,Pune,Electronics
C0022,763f9ea8,2025-04-01,556.83,Pune,Groceries
C0034,c0a93249,2024-09-29,2826.22,Hyderabad,Books
C0144,fe0114d1,2024-10-18,1715.27,Pune,Home
C0091,6dc8b847,2025-04-12,4380.68,Bangalore,Electronics
C0074,75464223,2024-10-08,3042.01,Mumbai,Electronics
C0148,8ca0f485,2025-02-11,2586.32,Delhi,Home
C0058,19b1b383,2025-01-28,4251.65,Mumbai,Books
C0095,2619d47a,2025-01-07,662.94,Mumbai,Books
C0058,b3fa76af,2024-11-26,4055.38,Hyderabad,Books
C0158,4c548d28,2024-07-01,3407.39,Hyderabad,Electronics
C0156,6aa14e81,2025-01-25,4652.51,Mumbai,Electronics
C0047,72fab5bd,2025-01-25,1439.02,Mumbai,Groceries
C0090,73ba69cc,2025-04-07,129.92,Delhi,Books
C0169,2c8cb717,2024-07-06,2063.84,Delhi,Electronics
C0024,c315ac4f,2025-03-15,3755.95,Delhi,Home
C0108,45308d2a,2024-07-25,2322.86,Delhi,Groceries
C0080,994e3698,2025-01-06,3635.82,Hyderabad,Books
C0022,c17adbf8,2025-04-21,4428.38,Delhi,Fashion
C0194,dcd37ceb,2024-12-12,3127.41,Pune,Groceries
C0114,a63b970a,2025-04-04,3343.5,Bangalore,Books
C0114,07157032,2024-10-17,2129.5,Delhi,Books
C0030,1bc69b89,2024-12-12,1791.35,Pune,Groceries
C0174,e1c6d897,2025-03-26,3424.58,Bangalore,Books
C0171,ea3065d8,2025-01-31,1611.26,Delhi,Home
C0154,894b3522,2024-09-21,368.43,Delhi,Groceries
C0055,001fd1a6,2024-11-12,3860.01,Mumbai,Groceries
C0084,be57628f,2025-05-08,687.92,Bangalore,Home
C0045,ce7ef556,2025-06-17,733.01,Hyderabad,Fashion
C0129,4efff332,2024-12-15,2837.75,Mumbai,Electronics
C0102,70a3d694,2024-12-14,4322.65,Pune,Home
C0005,ccd28081,2024-08-12,2352.8,Pune,Groceries
C0148,68df036d,2024-08-08,2203.49,Bangalore,Home
C0075,d96dc664,2025-01-04,664.35,Pune,Groceries
C0044,76ec3528,2024-12-07,4026.48,Hyderabad,Home
C0177,300fef81,2025-02-15,4606.87,Pune,Home
C0028,e7c52359,2024-08-05,1292.25,Hyderabad,Home
C0135,77837c48,2024-08-28,485.37,Mumbai,Groceries
C0057,300e909a,2024-08-11,1732.04,Delhi,Electronics
C0131,50e4483a,2024-11-21,3202.8,Hyderabad,Books
C0050,aaa6bb39,2024-07-26,4539.02,Mumbai,Groceries
C0187,01cf59b0,2025-02-22,4795.29,Delhi,Fashion
C0027,681e774e,2025-01-15,817.58,Delhi,Fashion
C0155,7e841833,2024-09-28,849.06,Pune,Fashion
C0198,914cb09e,2024-07-15,3176.95,Bangalore,Books
C0195,37383480,2024-12-11,2939.39,Hyderabad,Books
C0083,74dcb8a7,2025-03-02,4334.81,Mumbai,Fashion
C0113,83b250bd,2025-05-04,434.6,Bangalore,Groceries
C0071,be2eb4b7,2024-11-15,2997.96,Mumbai,Books
C0019,3fdc301f,2025-06-02,1621.0,Bangalore,Electronics
C0015,c2761bbf,2025-01-21,1906.81,Mumbai,Electronics
C0166,bd371a7e,2025-03-24,4334.83,Pune,Books
C0153,02c7360b,2025-01-08,2584.63,Bangalore,Books
C0142,be8dbcac,2024-11-21,4775.73,Pune,Home
C0147,59e7aa24,2024-08-29,3294.0,Mumbai,Books
C0122,3457f18a,2025-06-07,2556.7,Pune,Home
C0027,2148e61d,2024-12-15,4073.74,Mumbai,Electronics
C0130,71be2913,2025-01-24,3266.02,Pune,Fashion
C0182,5508863d,2025-03-07,2245.02,Bangalore,Books
C0134,ba73d0b1,2024-06-22,3088.05,Mumbai,Groceries
C0073,957ec5c5,2025-05-18,1998.34,Mumbai,Books
C0014,9280b1d7,2025-01-06,3967.21,Mumbai,Electronics
C0085,7530e71d,2024-06-30,563.08,Bangalore,Groceries
C0065,b67c14f4,2025-03-10,3646.29,Hyderabad,Fashion
C0086,fa348c37,2025-01-22,499.36,Delhi,Groceries
C0080,e3aeaf3e,2025-04-27,4841.71,Bangalore,Fashion
C0153,17568ac6,2024-12-20,3573.29,Pune,Groceries
C0144,3a0afb72,2025-02-14,1945.73,Mumbai,Fashion
C0172,702574eb,2024-12-14,3543.87,Hyderabad,Electronics
C0166,5be2b7fc,2025-01-07,3385.23,Hyderabad,Groceries
C0005,e589e1d9,2025-06-01,1876.73,Delhi,Fashion
C0088,24304297,2025-02-23,4743.57,Bangalore,Fashion
C0058,407587ae,2025-06-02,4999.89,Delhi,Electronics
C0076,d22d1ef3,2025-05-30,4237.7,Pune,Books
C0198,07d008a8,2024-11-14,2744.88,Hyderabad,Electronics
C0170,3bfa3b9c,2024-12-19,1750.15,Hyderabad,Fashion
C0153,eb3c66e5,2024-09-02,1945.93,Delhi,Fashion
C0178,9fb44214,2025-02-25,3878.38,Delhi,Home
C0012,699fecc0,2024-10-18,2113.21,Delhi,Home
C0157,6f0a5736,2024-07-28,1496.15,Bangalore,Fashion
C0137,085d8204,2025-02-22,1271.93,Bangalore,Fashion
C0095,e041b727,2024-11-26,3423.7,Hyderabad,Home
C0119,8575471b,2025-01-16,3870.25,Bangalore,Books
C0136,0814e8b6,2025-03-22,2151.44,Delhi,Fashion
C0155,09772c2e,2024-12-03,778.15,Mumbai,Electronics
C0165,486c4e22,2024-08-22,2454.89,Mumbai,Books
C0027,1a454217,2024-07-16,3585.86,Hyderabad,Electronics
C0073,65518739,2025-03-02,510.99,Delhi,Groceries
C0116,9c197bb8,2024-10-18,4536.0,Delhi,Home
C0024,73ad7ab2,2025-05-12,4737.42,Delhi,Home
C0090,0d3a3b52,2024-10-20,4659.31,Bangalore,Electronics
C0102,72a1c852,2024-10-19,2559.83,Delhi,Home
C0021,32ddde2e,2025-03-22,1937.07,Pune,Groceries
C0026,4b4e87db,2024-11-08,4211.96,Mumbai,Fashion
C0036,e5e9ba29,2025-02-05,287.69,Bangalore,Fashion
C0195,64e42597,2025-04-05,3557.13,Bangalore,Books
C0002,b5076f1c,2024-11-01,4538.7,Pune,Groceries
C0056,0fe0a3d1,2025-04-24,4191.32,Hyderabad,Books
C0136,31d49b63,2024-06-26,2173.95,Mumbai,Fashion
C0078,50850a64,2024-10-09,697.06,Delhi,Home
C0164,b9a63cbf,2025-02-09,3990.11,Bangalore,Electronics
C0029,ebadece6,2025-03-16,4199.77,Bangalore,Books
C0138,bad8afb6,2025-01-11,180.53,Hyderabad,Books
C0062,c612f275,2025-06-07,3620.87,Mumbai,Home
C0001,1097a0e8,2024-06-21,3112.57,Delhi,Books
C0107,8db7501f,2025-01-19,1017.84,Pune,Books
C0093,3f9f8474,2025-01-11,431.63,Hyderabad,Books
C0130,43dbcfdb,2025-06-14,3953.42,Hyderabad,Books
C0006,d5c95b57,2024-12-01,2013.22,Bangalore,Electronics
C0163,c353f363,2025-04-01,1995.72,Mumbai,Groceries
C0192,ea615a65,2024-10-09,179.59,Pune,Groceries
C0062,9bc91a68,2024-08-25,3691.41,Pune,Books
C0189,c735f5ca,2024-07-15,3807.73,Delhi,Electronics
C0091,5f859133,2025-05-03,2775.47,Delhi,Home
C0179,18541b2a,2024-10-14,2444.8,Delhi,Fashion
C0017,31f4ee74,2025-03-15,3608.62,Bangalore,Electronics
C0076,8fc3129e,2024-10-17,1087.8,Delhi,Electronics
C0081,9046dff2,2025-01-17,4673.52,Hyderabad,Home
C0140,8faaefe3,2025-03-04,2419.66,Pune,Fashion
C0074,9f6269a1,2025-03-22,1849.17,Pune,Groceries
C0070,a8e91aca,2024-12-22,709.93,Mumbai,Home
C0103,98317cae,2024-08-09,3742.21,Bangalore,Groceries
C0048,ed0bd70c,2025-03-11,2531.4,Bangalore,Groceries
C0133,ae718527,2024-10-08,1406.93,Pune,Home
C0021,9cab3013,2025-02-04,2209.98,Delhi,Books
C0076,c80de9c2,2024-12-10,1673.94,Pune,Groceries
C0170,833799c7,2024-07-04,1548.64,Bangalore,Books
C0184,e5a9ff42,2024-12-03,2187.97,Bangalore,Groceries
C0115,c6812e07,2024-11-15,307.54,Mumbai,Books
C0112,f09128b2,2025-04-16,1445.32,Pune,Electronics
C0172,e78327d7,2024-11-21,3223.81,Mumbai,Books
C0192,704bab3c,2024-10-11,3429.11,Pune,Fashion
C0156,b8c0ce2f,2025-01-21,3422.64,Bangalore,Electronics
C0033,0d19a72b,2024-11-22,429.44,Mumbai,Groceries
C0099,eba4a041,2024-11-20,4752.39,Pune,Books
C0040,cc052905,2024-11-29,3427.4,Mumbai,Groceries
C0114,970c8065,2025-03-28,3839.11,Hyderabad,Fashion
C0136,da5512bb,2025-05-21,1898.05,Mumbai,Groceries
C0064,2eb75393,2025-04-03,4806.55,Pune,Fashion
C0128,740b4504,2024-12-09,2636.95,Hyderabad,Electronics
C0068,f3fff442,2025-05-09,3897.33,Bangalore,Fashion
C0157,5bd0b7e4,2025-06-06,1499.33,Bangalore,Fashion
C0032,2a695c5b,2024-11-12,765.07,Pune,Home
C0045,5baa5626,2025-03-26,4503.53,Bangalore,Electronics
C0175,e08dbd34,2025-03-20,4841.05,Mumbai,Groceries
C0182,73d3dbae,2024-10-03,418.2,Hyderabad,Groceries
C0077,8c00ed53,2024-10-27,4271.67,Delhi,Groceries
C0131,806f29a0,2024-11-19,1198.78,Delhi,Fashion
C0061,16ed730b,2025-04-14,3972.83,Pune,Groceries
C0142,4c665f95,2024-10-03,2904.16,Bangalore,Books
C0034,2aa809d2,2024-09-05,3098.55,Pune,Electronics
C0080,32ac805a,2025-06-02,2050.98,Bangalore,Books
C0106,80fbac48,2024-07-02,3868.91,Hyderabad,Electronics
C0033,6b502f07,2025-01-09,4864.66,Pune,Home
C0120,8c7515aa,2024-08-10,3432.53,Mumbai,Fashion
C0200,ffb90c33,2024-10-25,2801.39,Hyderabad,Fashion
C0197,3f61967d,2025-03-11,4834.7,Bangalore,Books
C0015,8c6910d0,2025-01-18,4173.81,Hyderabad,Fashion
C0078,4ad7336b,2024-08-17,906.82,Mumbai,Fashion
C0089,6908f9df,2024-09-10,4742.67,Hyderabad,Groceries
C0021,7a6900ad,2025-04-01,1327.97,Hyderabad,Groceries
C0033,3a27aff5,2024-10-22,3162.61,Hyderabad,Books
C0024,ae7f335d,2024-07-29,2562.61,Delhi,Books
C0149,2b15c977,2025-02-26,855.55,Hyderabad,Books
C0087,1f993d7b,2024-09-20,4228.4,Hyderabad,Electronics
C0008,93b5379a,2024-10-27,497.99,Hyderabad,Groceries
C0167,1e146e20,2024-10-23,1132.96,Hyderabad,Home
C0159,f4b882d8,2024-07-07,3231.06,Bangalore,Books
C0075,ba72ba66,2024-11-04,3245.35,Mumbai,Home
C0063,a2e81c5f,2024-12-26,4042.97,Bangalore,Groceries
C0117,f9299e7f,2024-09-13,457.57,Pune,Fashion
C0113,c68ce061,2024-11-28,2136.55,Bangalore,Fashion
C0088,cc4ebde1,2025-05-13,3072.64,Mumbai,Groceries
C0188,2ee39f5e,2024-09-22,4941.31,Mumbai,Home
C0034,4ba6221e,2024-10-24,3827.26,Hyderabad,Books
C0028,04985884,2024-10-17,1663.67,Bangalore,Electronics
C0069,23a7e980,2024-07-01,2303.02,Delhi,Electronics
C0013,449e7cbb,2024-07-04,1522.04,Bangalore,Books
C0108,ea184daa,2024-07-20,1316.52,Delhi,Groceries
C0148,3d344f53,2025-03-09,3633.53,Delhi,Fashion
C0128,cb088076,2024-09-07,4980.25,Bangalore,Home
C0079,755e9903,2024-10-27,2537.11,Pune,Home
C0130,2e0489c9,2024-09-25,2340.43,Delhi,Fashion
C0150,90852c14,2025-05-28,1829.19,Pune,Groceries
C0127,3df5ad17,2024-12-29,3027.84,Bangalore,Groceries
C0138,832bc61a,2025-03-16,140.07,Pune,Home
C0035,19e6c856,2024-10-17,4424.03,Mumbai,Home
C0094,8606d78d,2024-10-24,321.69,Pune,Books
C0144,a42d3703,2024-08-23,1053.81,Hyderabad,Groceries
C0019,c5a0ae04,2024-11-11,1993.11,Bangalore,Books
C0072,8a960d0c,2025-02-11,4144.03,Hyderabad,Books
C0031,6b628b69,2025-03-20,730.45,Pune,Home
C0096,8ea24882,2025-01-11,3995.0,Mumbai,Books
C0094,53f986cf,2025-01-12,3799.33,Delhi,Books
C0131,51adeb04,2024-09-21,2066.8,Pune,Electronics
C0010,621a350e,2025-06-01,771.48,Mumbai,Home
C0133,ace0e541,2025-05-22,2339.24,Hyderabad,Books
C0036,1530891d,2024-08-04,1707.03,Hyderabad,Groceries
C0042,95673084,2024-11-01,2025.48,Hyderabad,Groceries
C0152,650da354,2024-06-20,1748.23,Hyderabad,Books
C0126,881b2812,2025-03-02,3572.83,Mumbai,Home
C0005,37b6a300,2024-06-27,1904.95,Pune,Home
C0150,809c2fde,2025-03-17,1607.62,Pune,Books
C0122,63266a2c,2024-10-01,1401.1,Hyderabad,Books
C0059,a94bbe5f,2024-09-13,3634.86,Hyderabad,Home
C0044,031e86cb,2024-11-07,2668.74,Hyderabad,Home
C0038,0e3c8b63,2025-04-28,4126.14,Delhi,Electronics
C0147,3ca0617d,2024-08-20,4746.21,Pune,Fashion
C0005,5756047c,2025-01-28,2261.09,Bangalore,Fashion
C0106,8841a684,2024-10-11,3483.45,Bangalore,Books
C0199,0a444119,2024-06-26,3096.24,Bangalore,Electronics
C0181,9837059b,2025-01-29,776.6,Delhi,Books
C0084,76a41d84,2025-04-17,4990.8,Bangalore,Books
C0097,235ff8db,2024-11-07,1637.39,Delhi,Home
C0137,2c3e1679,2025-05-11,1777.4,Mumbai,Groceries
C0157,3536ca13,2025-02-17,2472.48,Delhi,Groceries
C0143,d6c90c56,2025-01-19,1562.65,Mumbai,Groceries
C0181,8c71821d,2024-10-20,1115.66,Bangalore,Groceries
C0123,8286f557,2024-09-14,1809.14,Mumbai,Groceries
C0032,117e919b,2024-11-14,2910.04,Hyderabad,Home
C0102,dab3f6d0,2024-08-23,4110.05,Delhi,Groceries
C0011,81e7c055,2024-11-19,1509.39,Pune,Groceries
C0114,af478f51,2025-05-18,3314.26,Bangalore,Fashion
C0052,0ab8c330,2024-09-09,4156.96,Mumbai,Books
C0179,284544ef,2024-12-28,1430.95,Pune,Books
C0190,a89659d8,2025-06-06,2975.47,Delhi,Electronics
C0172,da5469a7,2025-01-15,4535.4,Delhi,Fashion
C0014,6561dc5c,2024-06-19,590.97,Mumbai,Home
C0026,17d755e5,2024-08-18,3437.84,Delhi,Electronics
C0141,ece00984,2024-07-25,4891.76,Delhi,Home
C0168,59e4ed3b,2024-06-26,4681.66,Bangalore,Home
C0167,3409170f,2025-05-19,1077.33,Mumbai,Groceries
C0074,88e96b25,2025-03-30,3264.9,Pune,Books
C0060,62173ed3,2025-02-28,2722.25,Pune,Fashion
C0107,e6b25cc1,2024-11-24,4423.0,Delhi,Electronics
C0102,f44d29bd,2025-05-19,3961.01,Delhi,Groceries
C0010,831a5eea,2024-08-24,145.41,Hyderabad,Books
C0028,64d87f09,2024-09-12,4649.43,Mumbai,Groceries
C0117,31d27930,2024-07-16,4946.59,Hyderabad,Books
C0127,6eb3dcae,2024-08-24,4457.37,Delhi,Books
C0120,d47366e2,2025-04-17,1436.9,Pune,Groceries
C0042,ee0a1f0b,2024-10-19,3682.48,Mumbai,Fashion
C0004,cd971c34,2025-02-20,3709.43,Mumbai,Books
C0173,52bc9c44,2024-09-10,3810.69,Delhi,Books
C0164,38baf06d,2025-01-12,4495.51,Bangalore,Books
C0084,ce9d26b2,2024-11-09,525.02,Pune,Fashion
C0036,f7fa3200,2024-07-22,2439.53,Delhi,Electronics
C0067,ab8997da,2024-06-22,1979.51,Bangalore,Groceries
C0085,572e4287,2024-11-02,1579.53,Hyderabad,Electronics
C0067,d6ee6410,2025-05-31,3303.05,Delhi,Electronics
C0171,a0f39879,2024-10-10,679.3,Mumbai,Fashion
C0104,d9021289,2025-02-23,3461.76,Mumbai,Electronics
C0164,0318afb7,2024-10-21,4589.04,Mumbai,Groceries
C0158,d0d58f0f,2025-03-04,1182.16,Delhi,Home
C0040,90a26601,2024-11-22,2329.4,Hyderabad,Groceries
C0107,f6b2d976,2025-03-11,3539.51,Bangalore,Books
C0171,263d6551,2025-03-31,4145.46,Delhi,Books
C0021,06b82c58,2024-08-03,2674.98,Hyderabad,Groceries
C0020,3c37da07,2024-12-26,4594.5,Pune,Electronics
C0141,87ebc4f6,2024-12-06,4524.15,Delhi,Books
C0138,5c33f396,2024-12-26,834.28,Mumbai,Books
C0114,0900d5c2,2025-02-05,669.58,Delhi,Books
C0126,7251dff5,2025-06-09,545.61,Hyderabad,Home
C0015,58b67c77,2024-11-26,2321.82,Hyderabad,Home
C0117,a561b48c,2025-06-01,2863.16,Hyderabad,Home
C0173,fb0fd245,2024-12-09,4053.89,Pune,Home
C0066,a0c4bef5,2024-07-17,4100.62,Delhi,Books
C0019,db1d86fc,2024-06-22,321.92,Mumbai,Electronics
C0139,b92728f5,2025-03-05,4971.21,Pune,Home
C0009,111aa999,2025-05-30,1506.74,Delhi,Fashion
C0197,435fdb34,2025-02-12,3243.47,Bangalore,Groceries
C0098,f7722c04,2024-12-16,2297.83,Bangalore,Home
C0021,f85ea21e,2024-07-12,3445.38,Hyderabad,Fashion
C0168,5f12cc25,2024-09-23,4315.4,Pune,Fashion
C0138,7162d4f6,2025-06-10,2025.99,Delhi,Fashion
C0001,fdaddf52,2024-09-30,3805.28,Mumbai,Home
C0173,51b52681,2025-06-19,3623.56,Bangalore,Books
C0098,97f2e4f4,2025-01-15,4134.47,Delhi,Home
C0089,379b5b15,2025-01-25,860.09,Delhi,Electronics
C0009,17c73461,2025-04-11,4066.44,Bangalore,Books
C0197,d85774a3,2025-04-23,4687.57,Pune,Fashion
C0053,6659ab8a,2025-02-07,429.73,Hyderabad,Electronics
C0115,8c50fafd,2025-05-05,3029.15,Pune,Fashion
C0190,87e87f10,2025-04-21,316.76,Bangalore,Fashion
C0139,ee8d72e8,2025-06-07,1164.62,Pune,Fashion
C0129,c1edba2d,2024-08-25,4968.07,Delhi,Books
C0082,4f835f05,2025-02-01,2929.63,Mumbai,Fashion
C0078,b81b7c98,2025-02-21,4393.67,Hyderabad,Fashion
C0106,d5852a82,2024-11-21,1572.45,Pune,Books
C0152,2572d953,2024-10-18,4410.6,Delhi,Home
C0143,4ec2bb37,2024-08-05,2528.54,Mumbai,Home
C0135,9ea35dd0,2024-07-03,1661.8,Bangalore,Home
C0039,8c311cee,2024-09-21,1569.45,Delhi,Books
C0122,50ff9021,2025-03-28,1280.74,Delhi,Groceries
C0182,e396ee6e,2024-10-23,807.32,Bangalore,Electronics
C0144,c28fad6b,2025-01-06,2122.12,Bangalore,Books
C0136,00e46b62,2024-12-29,757.05,Delhi,Groceries
C0053,77753517,2024-11-24,1718.29,Pune,Home
C0095,5583544b,2024-06-23,553.07,Delhi,Electronics
C0069,fa829d87,2024-12-03,1948.12,Hyderabad,Books
C0011,bedd45c2,2024-09-15,4380.74,Delhi,Books
C0186,ee79746f,2025-04-19,3390.11,Delhi,Home
C0054,296c6c4b,2024-07-25,4360.42,Mumbai,Groceries
C0004,56d4a4bd,2025-01-25,1137.86,Delhi,Electronics
C0192,22769879,2024-12-19,4997.9,Bangalore,Fashion
C0179,95d7d0b7,2024-12-07,3061.57,Delhi,Home
C0062,41bd2e95,2025-03-14,2805.19,Mumbai,Home
C0120,c184d3db,2024-09-03,2714.89,Mumbai,Groceries
C0067,4cf829a9,2025-04-16,1862.26,Bangalore,Home
C0026,9006fcbe,2024-09-16,4033.8,Bangalore,Groceries
C0053,cf5614e9,2025-01-04,1916.45,Bangalore,Electronics
C0145,33316231,2024-09-27,4334.02,Delhi,Electronics
C0067,9003813d,2024-08-06,2811.23,Hyderabad,Books
C0185,39a3c503,2024-09-16,2146.13,Delhi,Fashion
C0085,ea60699f,2024-11-25,1227.09,Hyderabad,Fashion
C0128,59f20d51,2024-08-17,2798.15,Mumbai,Groceries
C0196,5e8934ea,2024-09-30,4125.8,Bangalore,Home
C0044,cab27e91,2025-03-24,3690.58,Mumbai,Fashion
C0036,500dfd97,2025-04-20,3629.54,Bangalore,Fashion
C0139,a18f821a,2025-04-08,4952.59,Pune,Books
C0009,158ea257,2025-05-10,4211.44,Pune,Electronics
C0196,3200940f,2025-06-04,131.28,Delhi,Fashion
C0018,4a336b33,2025-06-18,3565.13,Pune,Fashion
C0130,8bba2969,2025-01-06,2334.45,Pune,Books
C0164,8390aa88,2024-11-29,3367.1,Hyderabad,Home
C0169,8920efc0,2024-07-31,2490.49,Pune,Books
C0142,ea086389,2024-06-25,2115.56,Pune,Books
C0185,8ee2b1ac,2025-01-09,1446.23,Mumbai,Electronics
C0129,c886531c,2024-07-03,4084.47,Bangalore,Fashion
C0028,f4dbd090,2025-06-01,4598.44,Hyderabad,Fashion
C0062,f14ec236,2024-06-29,1040.47,Hyderabad,Groceries
C0091,560e6ea9,2024-09-27,1409.89,Bangalore,Electronics
C0096,db40c739,2024-08-13,4800.56,Bangalore,Books
C0063,07c797cb,2024-11-02,4952.14,Delhi,Groceries
C0176,b3038ad2,2024-09-26,4157.5,Pune,Electronics
C0024,508fe984,2024-09-09,2085.86,Bangalore,Books
C0122,28a6ebd6,2024-08-03,374.96,Pune,Fashion
C0022,b3ed4a7d,2025-04-24,2549.31,Bangalore,Groceries
C0145,a402a32f,2025-02-22,4888.91,Pune,Books
C0011,8e3abe0c,2025-02-20,1225.86,Hyderabad,Home
C0070,237682ff,2024-08-25,328.15,Pune,Groceries
C0140,3a203ca9,2024-08-17,2861.2,Pune,Fashion
C0081,0d198d60,2024-11-27,176.72,Delhi,Books
C0037,ab3bb2e1,2024-12-26,3786.05,Bangalore,Electronics
C0077,118f1cbe,2024-08-24,896.01,Delhi,Books
C0100,ddd31457,2024-09-08,3417.47,Hyderabad,Groceries
C0099,690240b8,2025-03-29,3802.49,Delhi,Electronics
C0129,f977a36a,2025-04-08,3752.74,Mumbai,Electronics
C0026,919a6342,2025-02-10,2241.73,Pune,Groceries
C0155,0f29c84b,2025-02-28,3868.13,Hyderabad,Home
C0199,713e3400,2025-05-16,1699.25,Mumbai,Home
C0126,46afab5c,2025-04-08,1217.88,Hyderabad,Home
C0111,cd178d1e,2025-05-26,1010.12,Hyderabad,Home
C0022,121a7f49,2024-10-08,3883.62,Mumbai,Fashion
C0183,67a657e4,2024-06-26,460.18,Mumbai,Fashion
C0098,8636c600,2025-06-16,3587.22,Delhi,Home
C0082,24140063,2025-01-17,1867.43,Pune,Electronics
C0079,3cd4bb03,2024-11-21,2279.21,Mumbai,Electronics
C0034,c7424501,2024-09-04,527.76,Bangalore,Home
C0143,719ff137,2025-06-05,2818.23,Bangalore,Electronics
C0007,a5d54fde,2024-12-04,539.13,Hyderabad,Electronics
C0153,f69c0b22,2025-03-03,3030.41,Mumbai,Home
C0004,89ccc8be,2024-07-06,1530.05,Bangalore,Electronics
C0186,15ffce1e,2025-06-05,4515.57,Delhi,Books
C0134,610df94f,2025-02-26,930.96,Bangalore,Fashion
C0036,1382f4ae,2024-08-26,1417.7,Mumbai,Home
C0038,6437eefa,2025-03-15,410.01,Bangalore,Groceries
C0108,9325ed66,2024-12-17,1568.79,Pune,Groceries
C0065,0fb1b808,2025-03-11,4726.69,Bangalore,Books
C0158,b06b3f68,2025-02-17,1058.19,Pune,Fashion
C0078,46ed1504,2024-11-19,133.16,Bangalore,Groceries
C0159,4776ffa5,2025-05-24,1961.46,Mumbai,Home
C0086,4df348f5,2025-01-15,2210.02,Hyderabad,Fashion
C0077,80f61b96,2024-08-08,1671.26,Delhi,Home
C0081,08bbb2ef,2025-04-21,970.42,Bangalore,Groceries
C0075,02d2b79e,2024-07-06,3700.88,Bangalore,Books
C0063,2691f199,2025-05-12,1696.84,Mumbai,Home
C0094,60e95219,2025-01-02,658.05,Hyderabad,Fashion
C0152,e45cf6cc,2025-01-15,4986.6,Delhi,Books
C0007,d167048b,2024-10-11,4769.72,Bangalore,Fashion
C0113,5536335a,2024-12-17,4008.66,Pune,Home
C0173,0bfc1689,2025-02-22,2546.59,Mumbai,Fashion
C0065,8b1a93a8,2025-03-29,3327.45,Bangalore,Home
C0019,530462e8,2024-12-07,2300.43,Hyderabad,Home
C0150,ccc7eafa,2024-09-22,2063.94,Hyderabad,Home
C0140,7e805230,2025-05-30,280.15,Mumbai,Books
C0153,7a4624b5,2024-11-24,3227.08,Pune,Electronics
C0197,3d3b5b6a,2024-12-15,1316.33,Mumbai,Fashion
C0166,225a378b,2024-07-11,3102.12,Hyderabad,Home
C0193,b5e2ff18,2024-11-04,1724.82,Bangalore,Electronics
C0003,2f7848de,2024-07-02,583.17,Delhi,Books
C0192,033a210e,2025-03-04,2642.11,Hyderabad,Books
C0057,79061120,2024-09-27,2284.31,Bangalore,Home
C0198,c7307ddb,2025-06-09,3429.82,Hyderabad,Fashion
C0089,c741a77e,2025-04-11,4988.74,Bangalore,Electronics
C0076,5cb73706,2024-08-17,2138.28,Pune,Electronics
C0187,57e444c6,2025-05-02,794.21,Mumbai,Groceries
C0117,c3477eb1,2025-01-03,3942.92,Hyderabad,Home
C0090,8b293ad4,2024-10-20,2433.2,Bangalore,Home
C0082,ba8f0a61,2024-11-27,429.15,Pune,Electronics
C0006,02bc369a,2025-01-09,4260.98,Pune,Fashion
C0190,ec7d9aff,2024-10-06,1295.17,Delhi,Books
C0041,f78732f4,2025-03-27,1721.85,Bangalore,Home
C0060,0ac17fd4,2024-09-21,4009.0,Delhi,Fashion
C0164,c43f7620,2024-07-04,3320.81,Bangalore,Electronics
C0189,78f968cb,2024-08-15,3109.12,Delhi,Home
C0152,2ffd3e8f,2024-08-27,2204.81,Pune,Fashion
C0053,b4e29b8d,2025-01-21,1463.89,Pune,Books
C0027,c9f46e95,2025-06-13,4017.56,Hyderabad,Fashion
C0094,3b3b8419,2024-08-25,1697.33,Bangalore,Electronics
C0068,303c71d6,2025-05-12,3386.44,Bangalore,Books
C0164,bc7249ec,2024-11-16,1635.68,Bangalore,Books
C0101,4749f99b,2025-06-06,2976.32,Mumbai,Groceries
C0118,ef87232b,2024-11-26,3125.08,Mumbai,Books
C0152,cd231846,2024-07-08,515.28,Delhi,Groceries
C0031,eb573aa5,2024-11-13,1269.01,Pune,Fashion
C0096,b9ca66c9,2024-11-21,3497.84,Hyderabad,Home
C0108,a8002afb,2025-04-15,3022.49,Hyderabad,Home
C0109,eead1747,2025-06-07,1010.19,Hyderabad,Fashion
C0143,396e3475,2025-04-17,917.64,Mumbai,Fashion
C0048,be618916,2025-01-05,1641.44,Bangalore,Books
C0014,2929f7a5,2024-07-13,4341.06,Pune,Home
C0035,c221c78a,2024-09-22,1056.13,Bangalore,Books
C0130,0c57b314,2025-04-14,3300.04,Bangalore,Home
C0107,ec9282cc,2024-07-26,3579.7,Bangalore,Home
C0043,9d19420a,2024-08-11,505.09,Pune,Fashion
C0075,0145a77c,2025-05-09,260.21,Delhi,Books
C0074,54cab847,2024-09-29,924.22,Bangalore,Books
C0191,2bb51b10,2024-12-25,3885.48,Bangalore,Books
C0131,b1460f43,2025-06-08,654.73,Pune,Groceries
C0199,c80a86ba,2025-03-08,2761.22,Mumbai,Books
C0194,1b4ae82a,2024-07-25,303.89,Bangalore,Books
C0056,b068dbbc,2025-04-20,4949.9,Pune,Fashion
C0077,8795ddb8,2024-11-28,4386.57,Pune,Home
C0068,3d869f61,2024-10-22,1808.03,Pune,Home
C0031,91a28f8c,2025-05-22,3900.6,Delhi,Fashion
C0189,cac82bf6,2024-08-05,2980.83,Mumbai,Books
C0162,615b2d05,2024-10-01,2198.02,Hyderabad,Fashion
C0053,24cc3e52,2025-03-03,4086.3,Pune,Books
C0090,842d9860,2024-08-16,2708.18,Hyderabad,Books
C0044,fab69fda,2024-11-10,1685.9,Mumbai,Groceries
C0147,8135c932,2024-12-24,1409.98,Hyderabad,Electronics
C0035,8f62baa6,2025-01-01,4817.58,Bangalore,Electronics
C0071,8ced7d8f,2024-10-01,4348.53,Delhi,Fashion
C0064,7decaf7c,2024-10-19,816.59,Mumbai,Fashion
C0195,b1aa257b,2024-11-14,4233.42,Bangalore,Home
C0037,201598d4,2024-09-05,2929.39,Mumbai,Home
C0097,e8d62769,2025-04-30,2314.76,Pune,Home
C0132,d484387b,2025-01-17,3774.03,Mumbai,Home
C0125,c20c23c1,2025-03-15,1703.72,Pune,Electronics
C0188,c2741174,2024-07-06,4863.54,Mumbai,Electronics
C0137,b17a344b,2025-06-12,2048.81,Bangalore,Fashion
C0127,f077a990,2024-10-04,1415.83,Mumbai,Groceries
C0141,b2c3cd77,2025-03-18,2931.87,Hyderabad,Home
C0088,aee1843c,2024-12-04,4481.36,Pune,Electronics
C0026,d9a2f60e,2024-09-13,3168.28,Bangalore,Electronics
C0032,e5a58398,2025-03-29,4654.22,Delhi,Home
C0117,b501d593,2024-12-20,103.31,Bangalore,Fashion
C0177,6efaea6a,2025-05-12,4556.1,Mumbai,Fashion
C0071,413af3dc,2024-12-22,557.37,Mumbai,Groceries
C0022,7d5f0a30,2025-04-11,1922.03,Delhi,Electronics
C0102,a0d9f7e0,2025-05-24,3165.46,Delhi,Home
C0168,94beed55,2024-11-12,546.88,Pune,Electronics
C0055,9444435b,2025-03-18,2436.35,Delhi,Books
C0058,fdaae937,2025-01-20,2645.28,Bangalore,Electronics
C0003,be05390b,2024-11-06,3508.43,Pune,Home
C0178,985f6fd7,2025-01-09,747.66,Pune,Fashion
C0099,86711bb4,2025-01-25,537.72,Pune,Electronics
C0081,c9aacd4c,2024-09-17,1901.05,Mumbai,Fashion
C0098,4569abe4,2024-09-10,3889.96,Delhi,Fashion
C0018,ef939b75,2025-04-13,2699.49,Pune,Books
C0167,533cb12c,2024-11-29,904.17,Mumbai,Fashion
C0161,d670db47,2024-09-29,3766.52,Bangalore,Books
C0176,74a3b2cf,2025-03-01,2267.68,Delhi,Electronics
C0026,850047f7,2025-02-21,786.06,Pune,Books
C0187,6426cc5a,2024-09-04,1981.76,Bangalore,Groceries
C0036,d412bfff,2024-06-24,1314.15,Pune,Fashion
C0142,a22f7f43,2025-02-07,3044.9,Hyderabad,Groceries
C0200,332933a5,2024-12-31,4712.27,Pune,Groceries
C0053,a99337d9,2024-10-24,2636.97,Hyderabad,Fashion
C0192,5137e80c,2024-09-04,2019.58,Pune,Fashion
C0127,cfcac526,2024-09-23,1990.84,Delhi,Home
C0164,039ef799,2024-10-06,3010.26,Hyderabad,Electronics
C0093,a4c65a26,2024-08-17,4676.23,Delhi,Home
C0146,656fb694,2025-05-04,2162.23,Hyderabad,Fashion
C0196,2cfa4b4e,2024-07-07,2407.97,Pune,Electronics
C0151,573e074d,2024-10-24,430.91,Mumbai,Fashion
C0011,4ee975ec,2025-05-14,4620.64,Bangalore,Books
C0074,8b4c9634,2025-03-28,3180.0,Hyderabad,Home
C0109,543b3b50,2025-02-18,3538.87,Pune,Books
C0138,52703346,2024-06-21,3118.63,Mumbai,Electronics
C0080,2ad95cfb,2025-04-07,487.21,Delhi,Fashion
C0138,605354ae,2025-04-21,1701.08,Hyderabad,Electronics
C0080,48df7a75,2024-07-22,3523.51,Delhi,Electronics
C0063,5c79cf90,2024-10-03,522.44,Bangalore,Electronics
C0117,79a136a6,2024-07-03,3100.25,Pune,Groceries
C0171,37930bbc,2024-10-01,3734.3,Delhi,Electronics
C0004,ddb9226f,2024-09-01,3568.71,Pune,Fashion
C0128,8c6d2fc3,2025-06-09,4769.78,Hyderabad,Books
C0185,5eeed6d3,2024-09-14,1370.31,Mumbai,Fashion
C0192,e5aaf81b,2024-10-08,3927.51,Mumbai,Electronics
C0198,03d49ade,2024-09-08,4509.5,Mumbai,Home
C0070,19144d60,2024-08-23,2666.89,Mumbai,Books
C0161,ca0b9074,2025-03-12,477.64,Bangalore,Books
C0093,6a543dd4,2025-03-26,371.65,Hyderabad,Fashion
C0095,6dc2cc4e,2025-06-03,870.82,Pune,Books
C0173,22572d39,2024-09-16,3641.61,Delhi,Books
C0001,a586de1d,2025-03-03,315.79,Pune,Fashion
C0012,b64c2932,2025-05-06,2411.65,Bangalore,Fashion
C0046,36a5b7bf,2025-04-06,4662.68,Pune,Books
C0183,3ebd3f8e,2025-02-01,3729.26,Bangalore,Fashion
C0083,da4e9bf2,2025-02-15,1316.49,Mumbai,Groceries
C0020,c075fcde,2025-03-20,2900.53,Pune,Books
C0173,e17cfcf3,2025-05-14,4519.51,Delhi,Fashion
C0133,dbf9d4fb,2025-01-26,4908.93,Bangalore,Electronics
C0120,864bbe6e,2024-12-27,4343.56,Mumbai,Groceries
C0023,dc6fefe8,2024-10-28,2810.15,Pune,Groceries
C0052,a4d33930,2024-07-27,1528.82,Mumbai,Books
C0063,1e3fc6e9,2024-07-02,2373.24,Hyderabad,Home
C0198,ef8e5a39,2024-12-11,3901.84,Hyderabad,Fashion
C0039,c6457a3c,2025-01-07,131.25,Bangalore,Electronics
C0060,1fee33cd,2025-04-06,2753.57,Pune,Groceries
C0001,fc115abc,2024-07-12,3818.75,Bangalore,Groceries
C0027,d06f57f7,2024-06-29,1105.45,Delhi,Home
C0126,029f1baf,2024-07-30,4809.81,Delhi,Groceries
C0024,db72c47a,2024-10-27,315.11,Delhi,Books
C0106,59a5bd18,2024-11-16,3534.15,Mumbai,Home
C0192,252e6bcc,2024-09-05,516.02,Pune,Books
C0035,3bc68f4d,2024-07-30,3222.36,Bangalore,Electronics
C0152,9b299ec3,2024-07-03,2882.32,Bangalore,Fashion
C0061,915f1b97,2025-03-05,1529.21,Mumbai,Home
C0180,9a9d26a8,2024-11-25,4176.31,Mumbai,Groceries
C0116,5a0c7e2e,2025-01-09,1432.58,Pune,Fashion
C0035,a08a14dd,2025-03-30,3921.69,Hyderabad,Electronics
C0040,adfcc3f1,2024-12-18,617.72,Bangalore,Home
C0081,31cfca45,2025-01-25,2091.91,Hyderabad,Groceries
C0198,2e5f6be2,2024-09-14,1117.42,Mumbai,Home
C0068,a5ff3e7d,2024-08-16,4277.16,Pune,Fashion
C0176,a02fdb72,2024-10-08,1590.65,Hyderabad,Electronics
C0056,2000dddf,2024-10-10,4196.03,Mumbai,Fashion
C0024,e95ef34a,2025-04-24,3584.67,Mumbai,Home
C0132,52bc4a00,2024-09-14,339.86,Mumbai,Groceries
C0045,38a827c8,2024-10-12,252.3,Bangalore,Home
C0143,95dc4794,2024-10-07,3765.58,Delhi,Electronics
C0119,8c4e1e68,2024-10-07,599.35,Delhi,Electronics
C0004,20456969,2025-02-25,402.18,Delhi,Fashion
C0051,e91e7d12,2024-09-03,4136.0,Mumbai,Electronics
C0150,80216833,2024-06-22,2971.98,Pune,Electronics
C0017,c9faa735,2025-01-12,1068.98,Bangalore,Fashion
C0024,89671f34,2025-01-20,4534.88,Mumbai,Electronics
C0011,14b3707b,2024-12-18,4717.18,Pune,Fashion
C0147,333ec51e,2025-02-05,2222.47,Bangalore,Home
C0008,0905319e,2025-06-12,1975.37,Bangalore,Fashion
C0091,b769c68c,2024-10-03,1152.11,Delhi,Groceries
C0072,ee3846a1,2024-11-21,2285.46,Delhi,Electronics
C0158,9b05689f,2025-06-15,3133.97,Delhi,Groceries
C0128,4ae09599,2025-03-26,2118.76,Hyderabad,Home
C0016,36ee9657,2025-06-07,529.84,Bangalore,Fashion
C0108,e57426ea,2024-08-25,1077.34,Hyderabad,Fashion
C0162,be32d64f,2024-07-24,4971.03,Hyderabad,Electronics
C0098,b0eeadfc,2024-06-26,3931.39,Mumbai,Home
C0140,1f94dc11,2024-12-27,3929.03,Mumbai,Books
C0129,301b23ba,2025-05-28,1675.86,Mumbai,Fashion
C0007,e49d3423,2024-07-11,1662.5,Delhi,Electronics
C0200,d3dfb586,2024-08-11,1476.57,Bangalore,Books
C0092,5c4602f9,2025-06-13,3857.53,Delhi,Fashion
C0026,8d659932,2024-09-23,1314.5,Delhi,Groceries
C0137,dbc48cd4,2025-04-21,4099.8,Pune,Fashion
C0148,2c5fdb67,2024-07-17,4247.87,Bangalore,Groceries
C0045,5e4dad61,2024-11-25,962.89,Hyderabad,Groceries
C0189,cfb09c27,2024-07-20,3518.37,Hyderabad,Electronics
C0181,1e5524c4,2025-03-13,3532.75,Hyderabad,Books
C0037,82271102,2024-09-18,2859.23,Delhi,Home
C0139,57a0a89c,2025-02-24,1614.36,Bangalore,Electronics
C0024,610a993c,2024-12-18,375.22,Hyderabad,Fashion
C0006,bbc7a56e,2024-07-23,2679.6,Pune,Groceries
C0158,a72e9da4,2025-03-10,1087.18,Delhi,Groceries
C0184,25fb0d32,2024-11-28,969.55,Mumbai,Electronics
C0006,2b4cf9e1,2024-10-02,823.79,Delhi,Electronics
C0135,46289678,2024-09-14,4317.28,Pune,Groceries
C0181,d32ab2df,2024-12-08,4715.42,Bangalore,Books
C0026,7d37b005,2024-07-05,1749.15,Mumbai,Fashion
C0041,5d7c3a16,2024-08-29,3688.52,Bangalore,Home
C0167,e3781923,2025-01-19,1654.69,Hyderabad,Books
C0092,811a9afd,2025-06-04,1193.86,Hyderabad,Fashion
C0097,3e0e7a58,2025-05-06,1603.43,Mumbai,Fashion
C0046,49b77ecf,2025-01-14,3671.27,Hyderabad,Home
C0198,1215f3a7,2024-10-16,4829.4,Pune,Fashion
C0155,cff9e76b,2024-11-18,1659.26,Hyderabad,Fashion
C0164,57be9c40,2025-01-05,2871.2,Bangalore,Fashion
C0085,9351f0b2,2024-09-27,3752.18,Delhi,Groceries
C0082,147ca70e,2025-03-11,922.65,Pune,Groceries
C0115,3508cd74,2024-10-16,155.84,Delhi,Fashion
C0178,8a9fe845,2024-08-15,432.19,Mumbai,Electronics
C0185,76d77989,2024-11-17,106.28,Bangalore,Home
C0188,cc89de46,2024-10-25,2156.3,Delhi,Home
C0127,ba612796,2025-05-25,4420.68,Mumbai,Books
C0097,ee52cad2,2024-10-30,597.0,Bangalore,Books
C0167,4826d687,2025-05-26,3815.39,Delhi,Fashion
C0116,bf031cd8,2024-06-27,461.18,Pune,Groceries
C0006,4e922f7d,2025-04-04,1661.71,Pune,Electronics
C0088,77c26f7f,2025-03-02,933.52,Bangalore,Fashion
C0188,eb17bb35,2025-05-29,467.51,Pune,Groceries
C0153,2a8d5507,2024-12-19,4927.85,Bangalore,Electronics
C0111,7cc780ff,2024-10-25,4717.97,Delhi,Books
C0112,9614ca30,2024-10-31,869.81,Pune,Groceries
C0053,e8af19cd,2024-08-21,4874.55,Bangalore,Books
C0185,a51a40ba,2024-08-31,4635.31,Hyderabad,Groceries
C0170,a786ec0d,2025-03-21,1479.46,Delhi,Electronics
C0013,0748b80c,2025-05-12,2025.22,Hyderabad,Home
C0040,7be81472,2024-09-18,367.07,Pune,Home
C0023,bf176315,2025-03-11,1543.29,Hyderabad,Home
C0052,2a0f2e76,2024-12-29,575.24,Delhi,Fashion
C0164,f56457f2,2025-02-26,1529.88,Pune,Home
C0030,2df54ab6,2024-08-23,1610.93,Bangalore,Home
C0126,9fa791c7,2024-12-26,4484.9,Mumbai,Electronics
C0165,11687508,2024-08-18,2766.22,Delhi,Groceries
C0098,22d8f0ee,2024-11-24,1910.07,Bangalore,Electronics
C0068,29397de1,2025-03-03,2254.73,Mumbai,Fashion
C0069,e6f31211,2025-05-29,2864.81,Delhi,Electronics
C0022,cfe888e9,2024-11-18,3373.89,Hyderabad,Home
C0194,ab61d5ba,2024-10-28,2989.66,Hyderabad,Electronics
C0100,c049a465,2024-10-27,4110.19,Bangalore,Books
C0176,a9e72a7f,2024-06-23,4347.78,Bangalore,Books
C0061,175f8966,2024-10-26,2433.69,Pune,Home
C0183,514ac17d,2024-09-22,270.17,Hyderabad,Books
C0147,11f1398a,2024-09-28,3419.92,Hyderabad,Fashion
C0031,55389c26,2024-10-19,4751.35,Bangalore,Fashion
C0043,cdbc6a17,2024-07-04,4863.61,Delhi,Fashion
C0011,be552a63,2025-02-28,2174.54,Bangalore,Fashion
C0161,76b57cb5,2025-01-29,824.6,Hyderabad,Groceries
C0082,db0d59d2,2024-07-11,4562.94,Pune,Electronics
C0100,b42dff84,2024-12-21,2826.18,Hyderabad,Groceries
C0071,31ffd0a5,2024-11-24,2646.47,Pune,Books
C0151,d08ea1bf,2025-05-15,2660.55,Bangalore,Electronics
C0107,49a9e4f7,2024-12-10,833.25,Hyderabad,Books
C0150,421f19e4,2025-03-23,3816.05,Pune,Electronics
C0145,c76c5265,2024-08-10,3919.77,Mumbai,Books
C0089,a964f31d,2025-03-06,4401.68,Mumbai,Home
C0168,769e42e2,2025-02-15,2479.37,Hyderabad,Home
C0010,a56c2580,2024-12-22,943.78,Bangalore,Fashion
C0159,e240fa4d,2024-08-09,3082.41,Bangalore,Electronics
C0102,c7306cb6,2024-12-30,4458.91,Mumbai,Fashion
C0013,52f47a6a,2025-01-07,3754.17,Mumbai,Groceries
C0006,bf50c68c,2024-10-04,1755.54,Mumbai,Groceries
C0072,f27dc50c,2024-09-18,4229.95,Pune,Fashion
C0035,f45d218d,2024-11-07,1572.35,Bangalore,Groceries
C0069,2e772a64,2025-01-14,3671.12,Hyderabad,Electronics
C0049,181aa9e0,2024-10-21,2264.41,Bangalore,Home
C0195,f03b5897,2025-02-13,2630.86,Mumbai,Electronics
C0132,16cb41be,2024-11-24,3978.3,Pune,Groceries
C0182,4e68caac,2024-08-26,2583.3,Delhi,Books
C0146,350eb37c,2024-11-28,241.85,Delhi,Fashion
C0015,2ce7da8a,2024-11-13,1322.5,Bangalore,Electronics
C0093,6a9007a1,2024-06-24,3552.71,Mumbai,Groceries
C0119,de4c7f24,2025-03-20,2575.12,Pune,Electronics
C0062,6c87cae4,2024-09-16,1925.09,Hyderabad,Home
C0046,9d5d2c5e,2025-06-02,4806.55,Bangalore,Books
C0142,0f0b8eca,2025-04-02,1813.82,Delhi,Groceries
C0192,0d507f9b,2025-03-28,4171.26,Pune,Groceries
C0008,42adc65b,2025-06-13,1994.17,Delhi,Books
C0200,1c25cb58,2024-08-05,4828.1,Delhi,Fashion
C0174,45e38b16,2024-07-29,1112.98,Bangalore,Books
C0006,f1ccf968,2024-07-26,4336.69,Pune,Home
C0034,1e1975c4,2024-07-20,3272.12,Hyderabad,Electronics
C0058,77ecd641,2024-07-20,1336.71,Mumbai,Groceries
C0109,47ce6899,2025-04-15,4487.87,Mumbai,Home
